{
  "project_info": {
    "project_number": "528943373776",
    "project_id": "dolfin-7af59",
    "storage_bucket": "dolfin-7af59.appspot.com"
  },
  "client": [
    {
      "client_info": {
        "mobilesdk_app_id": "1:528943373776:android:2b9cc2f71c80a52f98edd5",
        "android_client_info": {
          "package_name": "com.example.dolfin"
        }
      },
      "oauth_client": [],
      "api_key": [
        {
          "current_key": "AIzaSyB0NqkJZdv4OZdHE_VKUBhjFh4PKbZ7Oro"
        }
      ],
      "services": {
        "appinvite_service": {
          "other_platform_oauth_client": []
        }
      }
    }
  ],
  "configuration_version": "1"
}