{"flutter":{"platforms":{"android":{"default":{"projectId":"dolfin-7af59","appId":"1:528943373776:android:2b9cc2f71c80a52f98edd5","fileOutput":"android/app/google-services.json"}},"dart":{"lib/firebase_options.dart":{"projectId":"dolfin-7af59","configurations":{"android":"1:528943373776:android:2b9cc2f71c80a52f98edd5","ios":"1:528943373776:ios:457fba6ff73649d498edd5","macos":"1:528943373776:ios:457fba6ff73649d498edd5","web":"1:528943373776:web:c4ee15195a61bd1498edd5","windows":"1:528943373776:web:860a1e14eb44868f98edd5"}}}}}}